policy,demo,start_step,horizon,xyz_error_mm_mean,xyz_error_mm_final,z_error_mm_mean,z_error_mm_min,gripper_abs_error_mean,pred_gripper_max,gt_gripper_max
dp_state,demo_000,0,12,32.14519441795674,17.81412660009642,3.3679033319155374,-7.893651723861694,0.0038042068481445312,0.008938759565353394,0.0
dp_state,demo_000,12,12,11.891624008310217,12.444682125738202,-4.240413506825765,-22.36044406890869,0.23709854980309805,0.9980099201202393,1.0
dp_state,demo_000,25,12,12.76639170270636,16.72269903885826,-8.506918946901957,-12.828350067138672,0.011337722341219584,1.0,1.0
dp_state,demo_000,37,12,54.690249064787835,104.8210911357246,2.7367398142814636,-21.671324968338013,0.001558577020963033,1.0,1.0
dp_state,demo_000,50,12,22.57581650011013,20.76611631661251,8.24326773484548,-11.994659900665283,0.002166519562403361,1.0,1.0
dp_state,demo_000,62,12,10.884832565392458,15.065092334986092,-5.050100386142731,-15.286922454833984,0.03954292833805084,1.0,1.0
dp_state,demo_000,75,12,9.551741376003895,8.578713608533619,-2.020190159479777,-6.372034549713135,0.1257166067759196,0.9986996650695801,1.0
dp_state,demo_000,87,12,21.675967621940405,33.1633839136154,-19.47816212972005,-34.302085638046265,0.023580911258856457,0.25064873695373535,0.0
dp_state,demo_001,0,12,31.287830854950162,32.74460437575404,-0.24309754371643066,-16.08729362487793,0.0022926156719525657,0.007765024900436401,0.0
dp_state,demo_001,11,12,13.206960741300238,11.846158345715798,-1.5741412838300068,-11.810600757598877,0.07626071820656459,0.9932422041893005,1.0
dp_state,demo_001,23,12,12.051678921325362,14.321724449507993,-6.121357282002767,-13.264864683151245,0.018089036146799724,1.0,1.0
dp_state,demo_001,34,12,25.461709967877322,47.59712253734438,5.807310342788696,-5.059272050857544,0.0048261334498723345,1.0,1.0
dp_state,demo_001,46,12,23.50800846711033,19.798721352433706,-4.756562411785126,-11.68850064277649,0.0036741942167282104,1.0,1.0
dp_state,demo_001,57,12,12.083105900798618,7.442076765560016,-3.9127568403879804,-16.348719596862793,0.0031786312659581504,1.0,1.0
dp_state,demo_001,69,12,7.709025043231295,5.671945243302827,-2.030499279499054,-7.530927658081055,0.21144544581572214,1.0,0.0
dp_state,demo_001,80,12,17.48474206161736,27.01073363894338,-14.794580638408661,-29.87632155418396,0.1190080593029658,0.816657543182373,0.0
dp_state,demo_002,0,12,20.848718215398318,27.655045244132385,3.3804948131243386,-21.648675203323364,0.00679606447617213,0.02310967445373535,0.0
dp_state,demo_002,12,12,31.899559584135915,31.97925805254971,-28.89096240202586,-40.53738713264465,0.42189591377973557,1.0,0.0
dp_state,demo_002,25,12,10.838801739329107,6.06131634396513,-3.1103466947873435,-7.161647081375122,0.09404656042655309,1.0,1.0
dp_state,demo_002,37,12,12.356303403982324,30.4262910880322,-3.9694855610529585,-22.904783487319946,0.0019508500893910725,1.0,1.0
dp_state,demo_002,50,12,56.99101634648077,50.13965068162093,-5.630965034166972,-14.223039150238037,0.002671708663304647,1.0,1.0
dp_state,demo_002,62,12,21.65485355600816,23.92892723311893,-10.79933096965154,-31.00532293319702,0.003771662712097168,1.0,1.0
dp_state,demo_002,75,12,17.441719196627623,24.538324904973827,0.7668758432070414,-3.827393054962158,0.3472880447904269,1.0,1.0
dp_state,demo_002,87,12,17.53704436640073,32.51311188036345,-2.0874092976252236,-18.873244524002075,0.026151011387507122,0.12450239062309265,0.0
dp_state,demo_003,0,12,19.354110705946653,31.43764554099549,-8.611847956975302,-28.46786379814148,0.001524197558561961,0.007034033536911011,0.0
dp_state,demo_003,13,12,12.161532936704809,11.817214354003589,-6.010053058465322,-21.03331685066223,0.6231703211863836,1.0,1.0
dp_state,demo_003,25,12,11.819772460657804,26.330811114342964,3.3497164646784463,-2.774566411972046,0.016158660252888996,1.0,1.0
dp_state,demo_003,38,12,24.801155916311757,84.61878863349776,5.360603332519531,-3.730893135070801,0.0018842965364456177,1.0,1.0
dp_state,demo_003,51,12,38.05962045776419,27.444575040152024,-0.7583548625310262,-15.324413776397705,0.0036794543266296387,1.0,1.0
dp_state,demo_003,64,12,24.568808428584113,24.283216257231786,-22.658872107664745,-34.784555435180664,0.3764188537995021,1.0,1.0
dp_state,demo_003,76,12,12.659553198942302,13.990142150076009,10.035450259844461,1.3653039932250977,0.27608546366294223,0.27202826738357544,1.0
dp_state,demo_003,89,12,13.296207989079011,2.7236874945353744,10.741176704565683,-4.102885723114014,0.017774852613608044,0.0856112539768219,0.0
dp_state,demo_004,0,12,29.167301254984373,32.8591994468007,4.246912896633148,-6.778240203857422,0.006792989869912465,0.023925483226776123,0.0
dp_state,demo_004,13,12,31.061812734830582,42.49071724135883,-28.99526556332906,-42.090535163879395,0.41820139437913895,1.0,0.0
dp_state,demo_004,27,12,9.86514554562593,5.188658405017222,-5.853414535522461,-16.246885061264038,0.29428020616372425,1.0,1.0
dp_state,demo_004,40,12,14.657770044040738,18.462831890835403,6.887204945087433,-10.648876428604126,0.005075414975484212,1.0,1.0
dp_state,demo_004,53,12,49.18160455261928,88.34373048966572,-3.397663434346517,-34.24030542373657,0.006362686554590861,1.0,1.0
dp_state,demo_004,66,12,15.591747188418903,8.95698672520658,6.599254906177521,-5.918383598327637,0.004033411542574565,1.0,1.0
dp_state,demo_004,80,12,20.250664115670485,31.09969296200161,-0.3531624873479207,-18.85312795639038,0.23551639914512634,1.0,1.0
dp_state,demo_004,93,12,25.175041039924047,46.95064390274891,-16.460133095582325,-38.82277011871338,0.1201976587375005,0.6997456550598145,0.0
dp_state,demo_005,0,12,24.640308597097523,31.539970068358304,17.13789502779643,3.9663612842559814,0.003554798662662506,0.024248629808425903,0.0
dp_state,demo_005,9,12,14.606054629680868,24.4888376492333,6.407308081785838,-2.8897225856781006,0.1484763224919637,0.9111430644989014,1.0
dp_state,demo_005,19,12,11.71671616010918,19.65888780260694,-4.600172241528829,-11.0359787940979,0.0014551530281702678,1.0,1.0
dp_state,demo_005,28,12,40.04349286604694,55.85373893655095,-35.73816021283468,-69.05350089073181,0.0020978848139444986,1.0,1.0
dp_state,demo_005,38,12,13.490770276962381,9.333509609008692,-4.12420928478241,-15.048623085021973,0.002303327123324076,1.0,1.0
dp_state,demo_005,47,12,14.307133666176595,26.66143294910434,6.368435919284821,-5.932927131652832,0.07180283466974895,1.0,1.0
dp_state,demo_005,57,12,11.599910549267861,14.313071897702812,8.368114630381266,0.4921853542327881,0.11515648911396663,0.9907000064849854,1.0
dp_state,demo_005,66,12,10.019033065026134,11.760000780495881,-2.0338818430900574,-15.713334083557129,0.011040528615315756,0.05977246165275574,0.0
dp_state,demo_006,0,12,37.10195678186089,27.41217124505891,0.04906455675760905,-12.41689920425415,0.0004622439543406169,0.005086332559585571,0.0
dp_state,demo_006,12,12,11.922957808941668,21.511546213703163,0.9867350260416667,-11.322498321533203,0.43406082689762115,0.9059638381004333,0.0
dp_state,demo_006,23,12,12.435567071662941,15.687816954284887,5.684686203797658,-1.8127262592315674,0.08942050238450368,1.0,1.0
dp_state,demo_006,35,12,14.642346758726102,29.599674055641614,-6.985957423845927,-27.00987458229065,0.007300073901812236,1.0,1.0
dp_state,demo_006,46,12,29.1522801074118,44.084258963294246,0.45556823412577313,-11.239409446716309,0.003989348808924357,1.0,1.0
dp_state,demo_006,58,12,37.27716358896417,25.27041084606552,-4.870357612768809,-17.32534170150757,0.060643782218297325,0.9999363422393799,1.0
dp_state,demo_006,69,12,14.480041610775631,12.442993468590705,3.9487207929293318,-7.047683000564575,0.25901668270428974,1.0,1.0
dp_state,demo_006,81,12,11.803404941290202,7.7645821864105145,6.162089606126149,-5.2401721477508545,0.004281970361868541,0.022584974765777588,0.0
dp_state,demo_007,0,12,23.74494944931202,22.607159593029152,2.6040772596995034,-12.329429388046265,0.001056636373202006,0.009628117084503174,0.0
dp_state,demo_007,12,12,13.020898145798967,5.309920558333094,-8.0913578470548,-21.473854780197144,0.5456719746192297,1.0,1.0
dp_state,demo_007,23,12,11.627896858196742,13.839822863230397,-3.54489932457606,-9.610682725906372,0.003561596075693766,1.0,1.0
dp_state,demo_007,35,12,28.960672053313083,46.82266322629558,-24.90295221408208,-45.45485973358154,0.008103499809900919,1.0,1.0
dp_state,demo_007,46,12,46.74570170617132,58.96846736253964,16.523460547129314,1.0286569595336914,0.0037723431984583535,1.0,1.0
dp_state,demo_007,58,12,17.382155959064946,9.44335327389531,10.848060250282288,-0.31444430351257324,0.17857107520103455,1.0,1.0
dp_state,demo_007,69,12,11.065783648058463,20.62938216306546,-0.06025781234105428,-9.418219327926636,0.0597238689661026,0.4157518148422241,0.0
dp_state,demo_007,81,12,19.718853752669364,25.74218567567259,-2.281745274861654,-9.771883487701416,0.026905434827009838,0.21511170268058777,0.0
dp_state,demo_008,0,12,35.10666887024765,43.92313642957971,-2.206524213155111,-16.71844720840454,0.000252974530061086,0.0017991364002227783,0.0
dp_state,demo_008,13,12,14.547761020303675,17.327326179075786,-8.54951391617457,-15.975356101989746,0.2265467569231987,0.9476977586746216,0.0
dp_state,demo_008,26,12,12.182283347546502,17.036121802170864,-1.9467224677403767,-10.06990671157837,0.0066008468468983965,1.0,1.0
dp_state,demo_008,39,12,49.40576963411777,79.7036682154451,-34.03857350349426,-74.96905326843262,0.0023793031771977744,1.0,1.0
dp_state,demo_008,53,12,27.71369524212887,63.173511470873606,7.44818647702535,-11.9706392288208,0.004236732920010884,1.0,1.0
dp_state,demo_008,66,12,28.72740455563302,32.92778597503361,-17.45748519897461,-27.740448713302612,0.2747689336538315,1.0,1.0
dp_state,demo_008,79,12,20.370621040787384,28.38229264039072,-18.44007025162379,-29.71017360687256,0.05863845845063528,0.35438835620880127,0.0
dp_state,demo_008,92,12,50.86254594001144,69.65691236754948,-7.969088852405548,-18.936067819595337,0.056863218545913696,0.46211153268814087,0.0
dp_state,demo_009,0,12,28.970424067589622,45.6419417103278,19.82192446788152,12.177318334579468,0.002181937297185262,0.006992131471633911,0.0
dp_state,demo_009,10,12,14.379656370261358,15.864304057819703,3.1816537181536355,-8.422911167144775,0.13591130077838898,1.0,1.0
dp_state,demo_009,20,12,11.610926281934054,15.754108737823476,-1.1989027261734009,-6.255418062210083,0.0005805989106496175,1.0,1.0
dp_state,demo_009,30,12,50.677241652138655,82.87297039868226,-45.14366388320923,-80.90460300445557,0.0018290132284164429,1.0,1.0
dp_state,demo_009,41,12,23.64137332682023,17.89292118143403,6.579145789146423,-15.58595895767212,0.009531681736310324,1.0,1.0
dp_state,demo_009,51,12,16.630634599713467,23.725049094479612,5.562504132588704,-7.191747426986694,0.18737786511580148,1.0,1.0
dp_state,demo_009,61,12,13.975499692648897,16.307056024592445,-0.7345080375671387,-10.471731424331665,0.21435902764399847,1.0,0.0
dp_state,demo_009,71,12,14.72024659931346,16.194438608170763,-10.151671866575876,-21.212518215179443,0.013299127419789633,0.05170813202857971,0.0
sfp_state,demo_000,0,12,26.68900451865816,36.30293614359273,-6.979105373223622,-22.01014757156372,0.019877105951309204,0.02745726704597473,0.0
sfp_state,demo_000,12,12,16.989205194848378,33.36956369395212,1.4350588123003643,-5.662381649017334,0.178760826587677,0.06455832719802856,1.0
sfp_state,demo_000,25,12,18.206217917107015,33.59260762269289,-7.509554425875346,-16.184955835342407,0.41223589330911636,1.210529088973999,1.0
sfp_state,demo_000,37,12,20.17522556694495,22.95879479584179,-11.14224890867869,-25.0873863697052,0.2124129037062327,0.7974060773849487,1.0
sfp_state,demo_000,50,12,22.9539174715088,37.83561495742858,-3.8561150431632996,-8.520007133483887,0.007392525672912598,1.0114154815673828,1.0
sfp_state,demo_000,62,12,21.617654437157576,32.25971614163051,-9.183871249357859,-15.540122985839844,0.0693630079428355,1.1063247919082642,1.0
sfp_state,demo_000,75,12,24.4544267436299,25.08316670907128,-10.970599949359894,-14.87460732460022,0.09768391648928325,0.992828369140625,1.0
sfp_state,demo_000,87,12,33.340692735183424,41.55587437781497,-30.0120214621226,-41.61727428436279,0.21208451191584268,0.9720205068588257,0.0
sfp_state,demo_001,0,12,19.85996159933152,22.773353192571253,-8.525761465231577,-12.547433376312256,0.002575412392616272,0.0025631189346313477,0.0
sfp_state,demo_001,11,12,10.933221515384236,14.862761673643986,1.6866376002629597,-3.7714242935180664,0.22555149098237356,-0.014060795307159424,1.0
sfp_state,demo_001,23,12,19.01574989132816,24.299462347842198,-18.173659841219585,-22.940784692764282,0.33020216474930447,0.900752067565918,1.0
sfp_state,demo_001,34,12,23.00134986710502,39.18108009726704,-21.92924420038859,-35.619765520095825,0.018692503372828167,1.0437805652618408,1.0
sfp_state,demo_001,46,12,36.44749970734127,37.71961408152869,-22.804046670595806,-26.268839836120605,0.023687322934468586,1.0376982688903809,1.0
sfp_state,demo_001,57,12,19.5911554273848,28.641485141199432,2.06591933965683,-4.7168731689453125,0.05638955036799113,1.0766782760620117,1.0
sfp_state,demo_001,69,12,23.41039555226553,22.507970746400687,-9.892195463180542,-13.679265975952148,0.4515153517325719,0.9829895496368408,0.0
sfp_state,demo_001,80,12,20.241419923634428,33.00197552500061,-19.142508506774902,-30.988842248916626,0.06595660497744878,0.07090133428573608,0.0
sfp_state,demo_002,0,12,23.00366684963675,51.49221350509885,-22.471971809864044,-50.24871230125427,0.03076385458310445,-0.003188908100128174,0.0
sfp_state,demo_002,12,12,25.062063844677436,35.89641733471604,-16.20769004027049,-21.035045385360718,0.021962652603785198,-0.004975676536560059,0.0
sfp_state,demo_002,25,12,11.108892705799457,30.05518863535516,5.541692177454631,-3.446131944656372,0.14821447680393854,1.1056735515594482,1.0
sfp_state,demo_002,37,12,33.44668226569312,49.10230115033188,-21.454224983851116,-30.861496925354004,0.09183161954085033,0.9237901568412781,1.0
sfp_state,demo_002,50,12,39.23377083257675,58.68148625511461,-18.927618861198425,-28.614580631256104,0.01925233503182729,0.9889545440673828,1.0
sfp_state,demo_002,62,12,26.007234171070564,34.20935020365969,-5.830635627110799,-15.816539525985718,0.016780942678451538,0.9949603080749512,1.0
sfp_state,demo_002,75,12,28.160546135581527,39.24965896962908,0.14550983905792236,-2.6270151138305664,0.23139710227648416,0.9878808856010437,1.0
sfp_state,demo_002,87,12,23.11221641059083,25.601326790892653,-18.680430948734283,-25.129884481430054,0.1870723937948545,0.9793464541435242,0.0
sfp_state,demo_003,0,12,21.675383074781593,37.172846481431215,-8.832894265651703,-19.38280463218689,0.020470653971036274,0.02560177445411682,0.0
sfp_state,demo_003,13,12,18.99824689279835,31.430203115930823,-9.51265295346578,-11.645227670669556,0.18946332236131033,0.9640387892723083,1.0
sfp_state,demo_003,25,12,16.509140863814,12.949656428478281,-10.22230088710785,-15.497356653213501,0.21586044132709503,0.9397194385528564,1.0
sfp_state,demo_003,38,12,17.931837353670673,26.022471303538488,5.167603492736816,-3.9305686950683594,0.15771418809890747,0.890663743019104,1.0
sfp_state,demo_003,51,12,23.110757436534065,36.25281948717571,-9.611768027146658,-20.379841327667236,0.005472401777903239,1.0093915462493896,1.0
sfp_state,demo_003,64,12,24.203971778070226,21.417971285678995,-21.7633123199145,-29.480427503585815,0.2300441786646843,0.9762425422668457,1.0
sfp_state,demo_003,76,12,22.507380082406996,26.795689548972327,-4.422495762507121,-10.251164436340332,0.16299059987068176,0.9791630506515503,1.0
sfp_state,demo_003,89,12,19.00410172922189,24.16494514255218,-17.502640684445698,-25.136560201644897,0.30590670307477313,0.9768392443656921,0.0
sfp_state,demo_004,0,12,15.431945206710623,17.330830456565575,-10.209490855534872,-16.26947522163391,0.004950724542140961,0.00682869553565979,0.0
sfp_state,demo_004,13,12,34.34966768427216,43.20951657247836,-28.029392162958782,-36.911964416503906,0.7271198555827141,1.0456371307373047,0.0
sfp_state,demo_004,27,12,10.69259467500107,24.700203049003242,-0.6314689914385477,-11.93198561668396,0.15672593315442404,1.1105308532714844,1.0
sfp_state,demo_004,40,12,19.295373874827316,20.77495696909879,-18.864651521046955,-24.818360805511475,0.31747446457544964,1.0377731323242188,1.0
sfp_state,demo_004,53,12,48.47430135026237,82.62416346331476,-35.137541592121124,-56.616008281707764,0.03198593854904175,1.050955057144165,1.0
sfp_state,demo_004,66,12,28.535087900370915,27.094613810882304,-0.08134295543034871,-5.641430616378784,0.022018690903981526,0.9937039017677307,1.0
sfp_state,demo_004,80,12,24.53046658119594,36.747430096130046,7.454668482144673,1.9148588180541992,0.21343585352102915,0.9866714477539062,1.0
sfp_state,demo_004,93,12,18.73607698792495,28.758575374227814,-12.282850841681162,-15.994489192962646,0.12760436534881592,0.9615956544876099,0.0
sfp_state,demo_005,0,12,20.69150782134602,31.553529299568797,-2.270651360352834,-5.281567573547363,0.019904206196467083,-0.0006560087203979492,0.0
sfp_state,demo_005,9,12,25.143749607861263,44.30864476936674,0.33128013213475543,-4.428893327713013,0.27646467586358386,1.0806281566619873,1.0
sfp_state,demo_005,19,12,17.552884108213203,27.439143128681305,-8.769738177458445,-18.87950301170349,0.26673851907253265,1.0994486808776855,1.0
sfp_state,demo_005,28,12,51.828618664082114,83.34820886300696,-48.12769591808319,-76.70757174491882,0.10070772469043732,0.9246321320533752,1.0
sfp_state,demo_005,38,12,45.95078745235922,71.49541824219133,-5.335405468940735,-11.1006498336792,0.035765121380488075,1.0588531494140625,1.0
sfp_state,demo_005,47,12,28.744835473079597,35.2106328881353,8.26038916905721,-8.50212574005127,0.03154874841372172,1.0461483001708984,1.0
sfp_state,demo_005,57,12,18.360127138241502,23.949229943078205,-10.937045017878214,-21.203815937042236,0.2868997926513354,0.9876518249511719,1.0
sfp_state,demo_005,66,12,25.588069639060397,41.53882501847697,-24.26021546125412,-40.42536020278931,0.41622274617354077,0.9843384027481079,0.0
sfp_state,demo_006,0,12,15.586820414716202,22.430045534045856,-10.400747259457907,-17.70356297492981,0.027788912256558735,-0.0047931671142578125,0.0
sfp_state,demo_006,12,12,20.88312734969476,26.307855121542826,3.901772201061249,-4.360437393188477,0.02091949184735616,-0.00593191385269165,0.0
sfp_state,demo_006,23,12,14.044137497836271,8.423088004434586,-13.019050161043802,-16.611248254776,0.21499727418025336,0.9411786794662476,1.0
sfp_state,demo_006,35,12,40.379181247956204,65.60297618901808,-37.69128521283468,-59.292882680892944,0.04956718782583872,0.9719660878181458,1.0
sfp_state,demo_006,46,12,30.045535762094346,41.467020792527435,-11.21534158786138,-20.82371711730957,0.062044729789098106,0.9813865423202515,1.0
sfp_state,demo_006,58,12,15.645189854793758,4.8355028981724635,8.592126270135244,-0.7654726505279541,0.05478208760420481,0.9815329313278198,1.0
sfp_state,demo_006,69,12,24.65071490341704,37.890443675572826,22.529912491639454,1.449674367904663,0.252187579870224,0.965423583984375,1.0
sfp_state,demo_006,81,12,12.460370387895603,24.238038251074943,-10.673674444357554,-22.577285766601562,0.1028464138507843,0.12097486853599548,0.0
sfp_state,demo_007,0,12,21.60389630127849,40.795435135958854,-16.39397193988164,-33.9389443397522,0.04007522761821747,0.06040641665458679,0.0
sfp_state,demo_007,12,12,15.747498688524955,27.008039421373418,-4.174463450908661,-8.788883686065674,0.3409404878815015,1.0817471742630005,1.0
sfp_state,demo_007,23,12,28.827645656841668,43.45760235828464,-7.699936628341675,-12.012124061584473,0.13771192729473114,1.0308959484100342,1.0
sfp_state,demo_007,35,12,54.36567773555693,81.18971173014883,-51.29887908697128,-75.48767328262329,0.017179871598879497,1.0368876457214355,1.0
sfp_state,demo_007,46,12,55.20802811281983,80.0710483046704,-0.36043673753738403,-3.6760270595550537,0.013044903675715128,0.9943949580192566,1.0
sfp_state,demo_007,58,12,22.43121438945306,21.838252913318918,10.803617537021637,-2.4128854274749756,0.16282289723555246,1.002813696861267,1.0
sfp_state,demo_007,69,12,17.796497584744756,21.80641747731475,-4.664356509844462,-11.386692523956299,0.4037697563568751,0.986637532711029,0.0
sfp_state,demo_007,81,12,21.616759618037815,22.243079026093728,-19.259740908940632,-24.430036544799805,0.058799167474110924,0.07009115815162659,0.0
sfp_state,demo_008,0,12,29.792864083032764,37.546888317808005,-22.81008909145991,-37.33912110328674,0.032060605784257255,0.039215415716171265,0.0
sfp_state,demo_008,13,12,24.60778307484876,29.587013895766113,-12.795239686965942,-17.06373691558838,0.027153387665748596,-0.007573843002319336,0.0
sfp_state,demo_008,26,12,17.28988158434416,15.060945549362366,-16.04321599006653,-18.332868814468384,0.2600523258248965,0.8918979167938232,1.0
sfp_state,demo_008,39,12,41.86246615523622,55.0028668557313,-39.72264130910238,-69.55784559249878,0.051748126745224,0.9582157731056213,1.0
sfp_state,demo_008,53,12,21.253955737548342,33.004684456492555,-8.967407047748566,-16.0675048828125,0.0446270356575648,0.9815718531608582,1.0
sfp_state,demo_008,66,12,25.99975092623101,37.99563627653581,-4.796440402666728,-20.63131332397461,0.2592422266801198,1.018544316291809,1.0
sfp_state,demo_008,79,12,15.567418875528926,16.52719212665065,-7.718242704868317,-12.278735637664795,0.5269734859466553,0.982678234577179,0.0
sfp_state,demo_008,92,12,47.44037920063735,77.08063503990931,-23.482816914717358,-56.37219548225403,0.20600342998902002,0.4678512215614319,0.0
sfp_state,demo_009,0,12,8.670070933267716,19.254571962828408,1.689446469148,-2.0978152751922607,0.03282317022482554,0.052140235900878906,0.0
sfp_state,demo_009,10,12,30.22367839596385,35.27029781838438,-17.20057676235835,-27.266383171081543,0.07108606894810994,0.956946611404419,1.0
sfp_state,demo_009,20,12,11.991733052906508,17.939881900169137,-2.863203485806783,-8.212238550186157,0.05673065036535263,1.0168850421905518,1.0
sfp_state,demo_009,30,12,47.75356480248135,76.7911038793277,-47.16827720403671,-83.0281674861908,0.062484810749689736,0.9579989314079285,1.0
sfp_state,demo_009,41,12,13.859318542247415,13.500308680510022,-5.538225173950195,-10.104954242706299,0.027853459119796753,1.0415784120559692,1.0
sfp_state,demo_009,51,12,21.536390914259847,45.72093130202983,13.098493218421936,-3.025949001312256,0.20295852422714233,1.0596731901168823,1.0
sfp_state,demo_009,61,12,20.523767374105713,33.27280741000231,3.046102821826935,-5.120962858200073,0.6283203711112341,0.9900866746902466,0.0
sfp_state,demo_009,71,12,39.54547462580888,52.067492425235095,-25.598205626010895,-34.435540437698364,0.34009480973084766,0.9882210493087769,0.0
mpd_state,demo_000,0,12,24.852253938784486,24.601868236431812,2.2212713956832886,-13.848632574081421,0.007922286788622538,0.005269467830657959,0.0
mpd_state,demo_000,12,12,9.025501816186996,15.335976832794659,-1.5610655148824055,-3.6965012550354004,0.209403229256471,0.06755483150482178,1.0
mpd_state,demo_000,25,12,12.279928685211093,10.602556146148238,-10.921371479829153,-15.107780694961548,0.1138613944252332,1.0778090953826904,1.0
mpd_state,demo_000,37,12,48.12896591803561,89.24151358047584,7.617821296056111,-1.4729499816894531,0.0284313162167867,1.0856952667236328,1.0
mpd_state,demo_000,50,12,18.77643883429385,20.092727981802717,4.511192440986633,-2.812027931213379,0.01672006646792094,1.0378482341766357,1.0
mpd_state,demo_000,62,12,8.271355620871082,14.412639219262465,-3.236934542655945,-8.397459983825684,0.04819412032763163,1.0867716073989868,1.0
mpd_state,demo_000,75,12,13.336588961916814,15.099845445718012,-5.782634019851685,-9.626239538192749,0.20106997092564902,1.0955383777618408,1.0
mpd_state,demo_000,87,12,22.73657425564971,38.442502166001226,-21.732521553834278,-37.64823079109192,0.1162334034840266,0.7318922877311707,0.0
mpd_state,demo_001,0,12,24.95498199263273,17.432294005579998,-0.39508193731307983,-6.870657205581665,0.008559765915075937,0.005224168300628662,0.0
mpd_state,demo_001,11,12,17.530387602433112,24.312053940273234,-15.403680503368378,-22.790342569351196,0.17026096830765405,0.5577518343925476,1.0
mpd_state,demo_001,23,12,12.145497846752557,10.983747849755321,-11.613917847474417,-15.308111906051636,0.1588660329580307,1.0674514770507812,1.0
mpd_state,demo_001,34,12,8.021697240733364,7.72074528994272,1.5091771880785625,-5.209475755691528,0.06716332832972209,1.0745313167572021,1.0
mpd_state,demo_001,46,12,15.140572495982981,14.462347394859423,-5.581289529800415,-10.219931602478027,0.00980892280737559,1.0196819305419922,1.0
mpd_state,demo_001,57,12,12.794019187767175,29.921003494528954,5.556277930736542,-0.692903995513916,0.03864331046740214,1.0656768083572388,1.0
mpd_state,demo_001,69,12,8.984587391031601,5.024706621223737,-5.959401528040568,-8.324086666107178,0.17480790118376413,0.8381010293960571,0.0
mpd_state,demo_001,80,12,12.448128761250405,20.869810559053054,3.541735311349233,-12.00827956199646,0.14540501435597739,0.42771077156066895,0.0
mpd_state,demo_002,0,12,12.239248065556945,27.56794328283608,-2.839470903078715,-26.422828435897827,0.014465756714344025,0.0011419951915740967,0.0
mpd_state,demo_002,12,12,26.31990702590263,35.55989426775037,-23.182814319928486,-29.22007441520691,0.4008789137005806,0.9924787282943726,0.0
mpd_state,demo_002,25,12,7.456333757750964,12.26634334408639,1.6926676034927368,-1.246422529220581,0.0926224837700526,1.0560771226882935,1.0
mpd_state,demo_002,37,12,21.24210275374945,43.22145198233523,0.290083388487498,-8.382827043533325,0.08979100982348125,1.1449939012527466,1.0
mpd_state,demo_002,50,12,12.492611495590817,19.261034416854333,2.0257607102394104,-16.276627779006958,0.020262151956558228,1.0459703207015991,1.0
mpd_state,demo_002,62,12,11.205680452014901,13.564625367571784,-3.396831452846527,-5.647927522659302,0.030310516556104023,1.0544486045837402,1.0
mpd_state,demo_002,75,12,7.309875662361292,11.693498944079842,2.5160486499468484,0.3281235694885254,0.19806190331776938,0.8999069929122925,1.0
mpd_state,demo_002,87,12,9.391641169136726,16.693593099555383,-7.1317752202351885,-12.947320938110352,0.12295591086149216,0.7304981350898743,0.0
mpd_state,demo_003,0,12,12.992431775809056,6.64276150859127,7.014602422714233,-4.671752452850342,0.02275983492533366,-0.0006504058837890625,0.0
mpd_state,demo_003,13,12,12.779222945450456,11.947207810144588,-11.623787383238474,-16.445904970169067,0.39113272974888486,1.1867315769195557,1.0
mpd_state,demo_003,25,12,9.243022661546274,13.249168850568863,0.6773372491200765,-6.799191236495972,0.10413161168495814,1.0691787004470825,1.0
mpd_state,demo_003,38,12,33.503111358834325,56.79425498509483,9.597601989905039,-7.273763418197632,0.03708578646183014,1.0433094501495361,1.0
mpd_state,demo_003,51,12,29.865041181731968,35.299780554729175,3.849424421787262,-0.08895993232727051,0.023359710971514385,1.0466200113296509,1.0
mpd_state,demo_003,64,12,21.929588031875472,25.246060957888844,-20.68670094013214,-29.108524322509766,0.051365047693252563,1.0642865896224976,1.0
mpd_state,demo_003,76,12,9.524530069243951,9.790611298010402,-7.657773792743683,-11.823594570159912,0.16102206458648047,1.0116298198699951,1.0
mpd_state,demo_003,89,12,7.354958529248376,10.94597162500135,0.025935471057891846,-7.705718278884888,0.10938066244125366,0.7328519821166992,0.0
mpd_state,demo_004,0,12,18.215271704647183,15.417485230465164,-0.14578551054000854,-7.776916027069092,0.012290428082148233,0.0033927559852600098,0.0
mpd_state,demo_004,13,12,27.180227712290645,40.88289099284191,-25.256189207235973,-38.511574268341064,0.0919505034883817,0.2849728465080261,0.0
mpd_state,demo_004,27,12,8.876327825686118,9.387687962912533,-5.7831282416979475,-9.623289108276367,0.2643279681603114,1.0692286491394043,1.0
mpd_state,demo_004,40,12,11.984333357571279,16.06082602463206,-4.3111468354860945,-12.769579887390137,0.10700108607610066,1.0397711992263794,1.0
mpd_state,demo_004,53,12,25.68567008751165,40.10555098289017,17.503589391708374,-5.8137476444244385,0.028293848037719727,1.0469518899917603,1.0
mpd_state,demo_004,66,12,15.303016273297278,20.69096441955417,9.864715238412222,0.5919933319091797,0.024779205520947773,1.048682451248169,1.0
mpd_state,demo_004,80,12,19.11585953301264,35.46886720132667,-7.613080243269603,-22.791802883148193,0.4919133931398392,1.0776296854019165,1.0
mpd_state,demo_004,93,12,12.93761886468923,24.301169351035096,-11.376996835072836,-21.65377140045166,0.12144100666046143,0.7368907332420349,0.0
mpd_state,demo_005,0,12,11.917239743643254,20.32076991227044,7.3249513904253645,-5.5106282234191895,0.018826156854629517,0.0011019706726074219,0.0
mpd_state,demo_005,9,12,8.97725613985729,13.221513065899886,-2.351256708304087,-6.3724517822265625,0.1688094362616539,1.1508125066757202,1.0
mpd_state,demo_005,19,12,14.865968316943945,22.087313414412698,-14.537639915943146,-22.037982940673828,0.11384055018424988,1.0682377815246582,1.0
mpd_state,demo_005,28,12,31.704734896144025,56.06936908335258,-25.23379276196162,-44.374674558639526,0.06919851402441661,1.0844831466674805,1.0
mpd_state,demo_005,38,12,8.075919719653585,10.298193095691486,2.1595855553944907,-5.106151103973389,0.01920283834139506,1.0374876260757446,1.0
mpd_state,demo_005,47,12,18.476885053687745,43.69579471468417,10.978894929091135,-2.08437442779541,0.042033990224202476,1.0740060806274414,1.0
mpd_state,demo_005,57,12,6.940083104812856,12.639017524196825,-0.8583540717760721,-2.3812055587768555,0.2473919838666916,0.8157145977020264,1.0
mpd_state,demo_005,66,12,13.463780197335623,33.77226250841777,-11.804585655530294,-31.743526458740234,0.12023991843064626,0.7321875691413879,0.0
mpd_state,demo_006,0,12,22.208204752202338,21.50402359651531,5.958010752995809,-2.5623440742492676,0.019090361893177032,0.0012429654598236084,0.0
mpd_state,demo_006,12,12,14.49620325260202,22.984444967987315,6.2338436643282575,-1.448303461074829,0.07706636438767116,0.1401912271976471,0.0
mpd_state,demo_006,23,12,7.642244102542727,6.26415785815892,-2.225895722707113,-8.13150405883789,0.08052801837523778,1.0652623176574707,1.0
mpd_state,demo_006,35,12,10.467895127428335,24.353843757912223,-2.3852686087290444,-12.790918350219727,0.09904675434033076,1.079610824584961,1.0
mpd_state,demo_006,46,12,29.77987091944005,45.44592318221217,0.42337924242019653,-6.268918514251709,0.03747247656186422,1.0520329475402832,1.0
mpd_state,demo_006,58,12,13.80185379557663,27.26908865648808,0.7149899999300638,-3.6784112453460693,0.03502490619818369,1.063636302947998,1.0
mpd_state,demo_006,69,12,13.87932602587204,14.382389719669185,0.12733538945515951,-6.579995155334473,0.45137172440687817,1.0542881488800049,1.0
mpd_state,demo_006,81,12,9.533788344699678,19.916917721238146,-4.809615512688954,-19.3537175655365,0.11370060344537099,0.733925461769104,0.0
mpd_state,demo_007,0,12,17.008425684411076,9.5279665623302,5.685379107793172,-4.599034786224365,0.01779395838578542,0.000432431697845459,0.0
mpd_state,demo_007,12,12,14.483796755391223,15.333820088987551,-12.895541886488596,-16.566991806030273,0.21269778162240982,0.8160148859024048,1.0
mpd_state,demo_007,23,12,5.54609582066035,4.1128359842043665,-4.201171298821767,-5.513191223144531,0.11981536448001862,1.0549525022506714,1.0
mpd_state,demo_007,35,12,41.34153542270335,74.62129956121646,-32.853275537490845,-53.863197565078735,0.06668045123418172,1.1505813598632812,1.0
mpd_state,demo_007,46,12,19.406592874009128,25.07410502748747,7.607549428939819,-0.37872791290283203,0.022539849082628887,1.046159029006958,1.0
mpd_state,demo_007,58,12,17.471470503639534,17.91848720754482,4.342923561731975,-1.7198920249938965,0.1755060851573944,1.0706493854522705,1.0
mpd_state,demo_007,69,12,11.55127566688285,17.596478463626838,4.123178621133168,-6.859958171844482,0.11962287127971649,0.7343159317970276,0.0
mpd_state,demo_007,81,12,15.435863534750244,21.660408151874734,9.384761253992716,-10.070353746414185,0.08676694333553314,0.20154762268066406,0.0
mpd_state,demo_008,0,12,29.36012349953591,25.910424562016768,-0.44384350379308063,-6.484806537628174,0.014035172760486603,0.0023800432682037354,0.0
mpd_state,demo_008,13,12,12.549344647283455,19.316660054523897,-10.567729671796164,-16.038715839385986,0.09965689728657405,0.3291234076023102,0.0
mpd_state,demo_008,26,12,11.891311103537175,10.821649030635243,-10.99467525879542,-12.595653533935547,0.11512433737516403,1.0573391914367676,1.0
mpd_state,demo_008,39,12,26.10303627066017,37.13862567783036,-22.84209926923116,-46.525925397872925,0.0653269241253535,1.076387882232666,1.0
mpd_state,demo_008,53,12,23.482268234413798,35.7615846816922,12.935136755307516,-5.032658576965332,0.018789619207382202,1.039692997932434,1.0
mpd_state,demo_008,66,12,24.182968063275396,34.658320922585716,-10.102649529774984,-25.87100863456726,0.2512371738751729,1.0841864347457886,1.0
mpd_state,demo_008,79,12,8.268081639249111,5.602211134668971,-7.155939936637878,-9.190618991851807,0.12686744829018912,0.7441504001617432,0.0
mpd_state,demo_008,92,12,24.03036892547269,15.638430788423305,14.426139493783316,-7.194876670837402,0.1173582375049591,-0.04317891597747803,0.0
mpd_state,demo_009,0,12,17.273315054648975,17.38086637977123,10.285365084807077,2.686738967895508,0.014453123013178507,-0.0005411505699157715,0.0
mpd_state,demo_009,10,12,18.841626695300793,21.528505248086596,-12.961884339650473,-19.54558491706848,0.19686475892861685,0.955475926399231,1.0
mpd_state,demo_009,20,12,9.399685541824658,12.994413295666606,-7.686528066794078,-9.819388389587402,0.1109635556737582,1.0612763166427612,1.0
mpd_state,demo_009,30,12,42.0753099705149,80.7723693055164,-41.525669395923615,-82.79496431350708,0.0881927286585172,1.0869910717010498,1.0
mpd_state,demo_009,41,12,26.001140554231554,33.42407758597324,20.697469512621563,7.5917840003967285,0.02131582299868266,1.0520241260528564,1.0
mpd_state,demo_009,51,12,17.078997389490254,43.263129268615536,12.873828411102295,-2.7550160884857178,0.20860991378625235,1.0792632102966309,1.0
mpd_state,demo_009,61,12,18.830635691549567,31.53611946923999,-16.55072718858719,-29.746174812316895,0.9737000316381454,1.1200933456420898,0.0
mpd_state,demo_009,71,12,10.631487695497023,18.303412448413454,-8.272017041842142,-14.803081750869751,0.12622215350468954,0.7313188314437866,0.0
motif_state,demo_000,0,12,11.417189505633218,15.398822189461619,-6.1092426379521685,-11.107861995697021,0.005863174796104431,-0.0012820959091186523,0.0
motif_state,demo_000,12,12,23.545168053799113,21.727885931518696,-5.726022024949391,-7.860511541366577,0.17326651761929193,0.001169651746749878,1.0
motif_state,demo_000,25,12,10.921805587561126,10.562019349837415,-6.85814768075943,-10.361969470977783,1.0052339658141136,0.0020945370197296143,1.0
motif_state,demo_000,37,12,25.344211963061415,55.1542019638575,-9.309465686480204,-23.165345191955566,0.26364833613236743,0.746182918548584,1.0
motif_state,demo_000,50,12,22.940382905882778,36.74892813739315,-20.13172209262848,-35.21609306335449,0.004449402292569478,1.000850796699524,1.0
motif_state,demo_000,62,12,39.47732201414128,49.94270745998133,-4.74689652522405,-11.297136545181274,0.003224477171897888,0.9994148015975952,1.0
motif_state,demo_000,75,12,21.48416233946049,39.35937583148351,19.077991445859272,1.163780689239502,0.6612480531136194,1.0016206502914429,1.0
motif_state,demo_000,87,12,32.68035206673622,38.86882773225279,-31.30519141753515,-44.406116008758545,0.9950227737426758,0.999853789806366,0.0
motif_state,demo_001,0,12,23.16709972297834,26.75963493421735,-16.10856254895528,-26.05721354484558,0.007689242561658223,-0.00018769502639770508,0.0
motif_state,demo_001,11,12,26.33196032737804,31.14893010629288,-4.586905241012573,-9.74854826927185,0.1745500067869822,-0.00013768672943115234,1.0
motif_state,demo_001,23,12,7.414962285473149,6.597748806654451,-4.059160749117534,-8.37177038192749,1.0020323420564334,0.0013825595378875732,1.0
motif_state,demo_001,34,12,22.679386600470632,48.823812864806705,-11.939339339733124,-33.4816575050354,0.5228682880600294,0.48478415608406067,1.0
motif_state,demo_001,46,12,26.254307343873073,28.118182255128783,-22.90532986323039,-30.468255281448364,0.0036385258038838706,1.0012080669403076,1.0
motif_state,demo_001,57,12,40.82907585106673,42.79894799387869,3.581869105497996,-1.3066232204437256,0.006067951520284017,0.9994990825653076,1.0
motif_state,demo_001,69,12,9.897922537396436,14.699481709734654,3.70045006275177,-1.8898844718933105,0.9921981543302536,0.9999535083770752,0.0
motif_state,demo_001,80,12,20.74120007601178,37.445389933012535,-19.303888082504272,-35.71072220802307,0.7860333919525146,0.7967885136604309,0.0
motif_state,demo_002,0,12,21.51717797682442,38.576933309175516,-16.121198733647663,-34.88752245903015,0.00799347460269928,-0.0012895464897155762,0.0
motif_state,demo_002,12,12,26.241184658846493,35.5610302531713,-11.606169243653616,-17.595887184143066,0.005393003424008687,0.0008582174777984619,0.0
motif_state,demo_002,25,12,8.661512071491856,20.884136508761234,6.4750562111536665,0.4280507564544678,0.8338426674405733,0.0034911632537841797,1.0
motif_state,demo_002,37,12,9.463905359424126,14.45677472436477,-3.2196417450904846,-13.029426336288452,0.8070661897460619,0.20142731070518494,1.0
motif_state,demo_002,50,12,23.35368134674154,19.614367996778192,-18.257267773151398,-29.98882532119751,0.006027256449063619,0.9992985725402832,1.0
motif_state,demo_002,62,12,38.72207949214513,63.850514321019475,-12.611344456672668,-17.31458306312561,0.006740063428878784,0.9973952770233154,1.0
motif_state,demo_002,75,12,19.739369841708445,25.208109546885574,17.447518805662792,6.698369979858398,0.6575876673062643,0.9977917671203613,1.0
motif_state,demo_002,87,12,22.416860397647664,36.17227973887561,-16.970358788967133,-27.603089809417725,0.9915837794542313,0.9987862706184387,0.0
motif_state,demo_003,0,12,12.19166268544134,23.66257646017229,-6.432756781578064,-17.77350902557373,0.006626124183336894,0.0003127455711364746,0.0
motif_state,demo_003,13,12,11.876989737098857,15.384883387093183,5.193283160527547,-2.3592114448547363,0.1716879904270172,0.0006502270698547363,1.0
motif_state,demo_003,25,12,10.367196965870352,10.376041656747578,-2.458977202574412,-9.641051292419434,1.0115694378813107,0.0009352266788482666,1.0
motif_state,demo_003,38,12,19.370300146568688,29.491501713713035,-19.06405637661616,-28.890371322631836,0.26408520837624866,0.7408261895179749,1.0
motif_state,demo_003,51,12,29.73448208710219,46.24627592836799,-7.599639395872752,-12.148112058639526,0.009228050708770752,0.9972330331802368,1.0
motif_state,demo_003,64,12,29.31660130689644,31.372706425429804,-10.620633761088053,-19.1156268119812,0.010875443617502848,0.9969805479049683,1.0
motif_state,demo_003,76,12,13.818014894893565,33.897189911972276,12.728400528430939,-0.2071857452392578,0.6558245321114858,0.9978984594345093,1.0
motif_state,demo_003,89,12,11.910311644106594,10.601019189874487,-11.093109846115112,-17.86389946937561,0.9912766615549723,0.9981988072395325,0.0
motif_state,demo_004,0,12,9.585441112500089,12.947917010313985,-8.537431557973227,-11.843949556350708,0.005741864442825317,-0.0008315443992614746,0.0
motif_state,demo_004,13,12,18.77312273379347,20.70426633580558,-16.187553604443867,-20.205676555633545,0.006258043150107066,0.0008062124252319336,0.0
motif_state,demo_004,27,12,4.221284170203389,4.10127671789119,-2.3373961448669434,-6.0890913009643555,0.6709370290239652,0.0018324553966522217,1.0
motif_state,demo_004,40,12,9.921095732463277,7.516265522197439,-5.549838145573934,-13.24722170829773,1.0125648652513821,0.001775890588760376,1.0
motif_state,demo_004,53,12,32.94456821961961,49.03960972796334,-24.569158752759297,-30.74789047241211,0.005527233084042867,0.9984042048454285,1.0
motif_state,demo_004,66,12,42.16257400938973,43.66964509892312,-2.3518080512682595,-5.6979358196258545,0.007959182063738504,0.9979001879692078,1.0
motif_state,demo_004,80,12,13.64173608813385,19.245125112652566,11.613597472508749,4.53263521194458,0.4940102199713389,0.9983499050140381,1.0
motif_state,demo_004,93,12,9.795546548450304,7.220620622204286,-8.400494853655497,-10.26993989944458,0.9895376066366831,0.998498797416687,0.0
motif_state,demo_005,0,12,26.130587442681545,35.69519881337256,1.8656874696413677,-4.905611276626587,0.0068259040514628095,-0.0006135106086730957,0.0
motif_state,demo_005,9,12,24.607212223132034,28.330341522482634,10.862415035565695,-1.4511048793792725,0.42300495008627575,-2.0444393157958984e-05,1.0
motif_state,demo_005,19,12,7.725138409976815,2.1023838252324993,-3.870810071627299,-11.921584606170654,1.0097482924660046,0.00262606143951416,1.0
motif_state,demo_005,28,12,42.40813473060689,63.380711273775425,-39.979311327139534,-64.99165296554565,0.5414344295859337,0.470812052488327,1.0
motif_state,demo_005,38,12,42.27077271726471,51.90496787889252,-5.035618940989177,-16.845881938934326,0.006765584150950114,0.9994336366653442,1.0
motif_state,demo_005,47,12,45.16196637272905,50.35890589038896,4.520632326602936,-6.836533546447754,0.007341012358665466,0.9986176490783691,1.0
motif_state,demo_005,57,12,14.950323077276122,22.893754464872785,13.614239792029062,6.55752420425415,0.6573892186085383,0.998197078704834,1.0
motif_state,demo_005,66,12,15.652798941479531,21.600700492936024,-13.587169349193573,-19.565284252166748,0.9912264545758566,0.9989323616027832,0.0
motif_state,demo_006,0,12,8.7047186761825,11.315696225936398,-5.63771774371465,-10.902613401412964,0.007114912072817485,-0.0009705424308776855,0.0
motif_state,demo_006,12,12,20.731332110104262,22.093742725876535,7.517052193482717,-2.3269057273864746,0.006216796735922496,0.0009682774543762207,0.0
motif_state,demo_006,23,12,6.173627084516547,10.993977999647042,1.515445609887441,-5.200833082199097,0.9264480074246725,0.0018087923526763916,1.0
motif_state,demo_006,35,12,14.287604019866611,20.139335868609027,-10.7004443804423,-14.334946870803833,0.8055455535650253,0.2060379683971405,1.0
motif_state,demo_006,46,12,28.87860945960832,36.3522517094894,-10.677677889664968,-21.382182836532593,0.005025491118431091,1.0013492107391357,1.0
motif_state,demo_006,58,12,35.11991547459929,58.58931318366201,-9.31320587793986,-19.41010355949402,0.007579366366068522,0.9972715973854065,1.0
motif_state,demo_006,69,12,24.74992119442954,28.9755424056999,22.155302266279858,3.239542245864868,0.4950749526421229,0.9994912147521973,1.0
motif_state,demo_006,81,12,16.236137724455535,32.735331339751646,-14.971440037091574,-30.140042304992676,0.9903762737909952,0.9998907446861267,0.0
motif_state,demo_007,0,12,15.521700724839285,31.901692909089117,-7.548637688159943,-24.692445993423462,0.008871386448542276,-0.0008919835090637207,0.0
motif_state,demo_007,12,12,21.320685370304627,19.183303011799577,-2.860280374685923,-8.735626935958862,0.17206632594267526,0.001026540994644165,1.0
motif_state,demo_007,23,12,8.762362058396684,7.226305764443316,2.9575725396474204,-2.161681652069092,1.007432982325554,0.0008419156074523926,1.0
motif_state,demo_007,35,12,45.933907434642144,67.92268115867222,-41.32341841856638,-62.318265438079834,0.5386437674363455,0.47135213017463684,1.0
motif_state,demo_007,46,12,51.35888825851014,74.35053899226659,-2.8106396396954856,-7.103323936462402,0.008127614855766296,0.9966857433319092,1.0
motif_state,demo_007,58,12,25.217938672034563,31.175866815447826,22.30183531840642,3.1637251377105713,0.17058655619621277,0.9982341527938843,1.0
motif_state,demo_007,69,12,11.162277107094164,17.65956580777472,-1.4119123419125874,-7.102757692337036,0.9920805941025416,1.0000100135803223,0.0
motif_state,demo_007,81,12,15.321000283964944,17.797949144077627,-4.5567552248636884,-12.864172458648682,0.5215540180603663,0.5296983122825623,0.0
motif_state,demo_008,0,12,21.429915268852852,28.690211175280705,-15.361237029234568,-27.6467502117157,0.00736751655737559,-0.0005047321319580078,0.0
motif_state,demo_008,13,12,23.7772844568845,23.250862044013573,-8.231724301973978,-12.915551662445068,0.006960985561211904,7.304549217224121e-05,0.0
motif_state,demo_008,26,12,11.15283591677075,10.414591942927757,-9.377996126810709,-11.958479881286621,1.0054722800850868,0.001619786024093628,1.0
motif_state,demo_008,39,12,30.516859302877815,33.340572703941326,-27.768475313981373,-48.63417148590088,0.5250259091456732,0.48422306776046753,1.0
motif_state,demo_008,53,12,41.51057272967806,62.14926606869367,-6.491519510746002,-13.74751329421997,0.006222868959108989,0.998944878578186,1.0
motif_state,demo_008,66,12,7.9588218237231585,10.284832983019934,3.090478479862213,0.20897388458251953,0.2509100039800008,0.9984403848648071,1.0
motif_state,demo_008,79,12,10.152556276007534,8.324339281583478,-6.2470585107803345,-8.634597063064575,0.9944185862938563,1.0006401538848877,0.0
motif_state,demo_008,92,12,31.899537612692075,52.83427069484547,3.0836264292399087,-7.433027029037476,0.002479580541451772,0.004267245531082153,0.0
motif_state,demo_009,0,12,10.161080749095326,28.078118940455074,0.7036328315734863,-1.6665756702423096,0.008466596404711405,-0.0015920400619506836,0.0
motif_state,demo_009,10,12,29.08009353776887,34.01244274037598,-2.0035579800605774,-5.669981241226196,0.25747433801492053,0.00023239850997924805,1.0
motif_state,demo_009,20,12,7.904807618489438,10.490242379209324,1.3511379559834797,-2.0425915718078613,1.0033904512723286,0.0026532411575317383,1.0
motif_state,demo_009,30,12,43.49490004190556,65.86580484588079,-42.89942979812622,-72.89904356002808,0.8081229229768118,0.20351767539978027,1.0
motif_state,demo_009,41,12,28.098083147514174,52.524603944041374,-2.2726207971572876,-14.02193307876587,0.004203597704569499,1.000396728515625,1.0
motif_state,demo_009,51,12,35.04691067714618,50.95145561458116,7.239292065302531,-0.7360279560089111,0.1682661473751068,0.9988875389099121,1.0
motif_state,demo_009,61,12,12.833067173717266,14.03941814704717,8.425454298655191,4.306495189666748,0.9929964492718378,1.0002223253250122,0.0
motif_state,demo_009,71,12,22.362061090195525,36.17801350813197,-18.36991310119629,-30.033975839614868,0.9947380969921747,1.0014113187789917,0.0
